studentID,Q1,Q2,Q3,Q4,Q5,Q6,Q7,Q8,Q9,Q10,Q11,Q12,Q13,Q14,Q15,Q16,Q17,Q18,Q19,Q20
SWZ4KJIX,Answer_A,Answer_B,Answer_C,Answer_D,Answer_E,Answer_A,Answer_B,Answer_C,Answer_D,Answer_E,Answer_A,Answer_B,Answer_C,Answer_D,Answer_E,Answer_A,Answer_B,Answer_C,Answer_D,Answer_E
QDQMRR6F,Answer_A,Answer_B,Answer_C,Answer_D,Answer_E,Answer_A,Answer_B,Answer_C,Answer_D,Answer_E,Answer_A,Answer_B,Answer_C,Answer_D,Answer_E,Answer_A,Answer_B,Answer_C,Answer_D,Answer_E
ZUS2E3A6,Answer_A,Answer_B,Answer_C,Answer_D,Answer_E,Answer_A,Answer_B,Answer_C,Answer_D,Answer_E,Answer_A,Answer_B,Answer_C,Answer_D,Answer_E,Answer_A,Answer_B,Answer_C,Answer_D,Answer_E
13RGDZCO,Answer_A,Answer_B,Answer_C,Answer_D,Answer_E,Answer_A,Answer_B,Answer_C,Answer_D,Answer_E,Answer_A,Answer_B,Answer_C,Answer_D,Answer_E,Answer_A,Answer_B,Answer_C,Answer_D,Answer_E
H6H32R2J,Answer_A,Answer_B,Answer_C,Answer_D,Answer_E,Answer_A,Answer_B,Answer_C,Answer_D,Answer_E,Answer_A,Answer_B,Answer_C,Answer_D,Answer_E,Answer_A,Answer_B,Answer_C,Answer_D,Answer_E
760G5WKG,Answer_A,Answer_B,Answer_C,Answer_D,Answer_E,Answer_A,Answer_B,Answer_C,Answer_D,Answer_E,Answer_A,Answer_B,Answer_C,Answer_D,Answer_E,Answer_A,Answer_B,Answer_C,Answer_D,Answer_E
9WPE7GJC,Answer_A,Answer_B,Answer_C,Answer_D,Answer_E,Answer_A,Answer_B,Answer_C,Answer_D,Answer_E,Answer_A,Answer_B,Answer_C,Answer_D,Answer_E,Answer_A,Answer_B,Answer_C,Answer_D,Answer_E
SPST9G58,Answer_A,Answer_B,Answer_C,Answer_D,Answer_E,Answer_A,Answer_B,Answer_C,Answer_D,Answer_E,Answer_A,Answer_B,Answer_C,Answer_D,Answer_E,Answer_A,Answer_B,Answer_C,Answer_D,Answer_E
BDJC6G28,Answer_A,Answer_B,Answer_C,Answer_D,Answer_E,Answer_A,Answer_B,Answer_C,Answer_D,Answer_E,Answer_A,Answer_B,Answer_C,Answer_D,Answer_E,Answer_A,Answer_B,Answer_C,Answer_D,Answer_E
VQXDEJPL,Answer_A,Answer_B,Answer_C,Answer_D,Answer_E,Answer_A,Answer_B,Answer_C,Answer_D,Answer_E,Answer_A,Answer_B,Answer_C,Answer_D,Answer_E,Answer_A,Answer_B,Answer_C,Answer_D,Answer_E
49VN2WLH,Answer_A,Answer_B,Answer_C,Answer_D,Answer_E,Answer_A,Answer_B,Answer_C,Answer_D,Answer_E,Answer_A,Answer_B,Answer_C,Answer_D,Answer_E,Answer_A,Answer_B,Answer_C,Answer_D,Answer_E
J9TN93U4,Answer_A,Answer_B,Answer_C,Answer_D,Answer_E,Answer_A,Answer_B,Answer_C,Answer_D,Answer_E,Answer_A,Answer_B,Answer_C,Answer_D,Answer_E,Answer_A,Answer_B,Answer_C,Answer_D,Answer_E
Z54LXUJL,Answer_A,Answer_B,Answer_C,Answer_D,Answer_E,Answer_A,Answer_B,Answer_C,Answer_D,Answer_E,Answer_A,Answer_B,Answer_C,Answer_D,Answer_E,Answer_A,Answer_B,Answer_C,Answer_D,Answer_E
0D8CONBH,Answer_A,Answer_B,Answer_C,Answer_D,Answer_E,Answer_A,Answer_B,Answer_C,Answer_D,Answer_E,Answer_A,Answer_B,Answer_C,Answer_D,Answer_E,Answer_A,Answer_B,Answer_C,Answer_D,Answer_E
P96HV54O,Answer_A,Answer_B,Answer_C,Answer_D,Answer_E,Answer_A,Answer_B,Answer_C,Answer_D,Answer_E,Answer_A,Answer_B,Answer_C,Answer_D,Answer_E,Answer_A,Answer_B,Answer_C,Answer_D,Answer_E
TL40GQ0N,Answer_A,Answer_B,Answer_C,Answer_D,Answer_E,Answer_A,Answer_B,Answer_C,Answer_D,Answer_E,Answer_A,Answer_B,Answer_C,Answer_D,Answer_E,Answer_A,Answer_B,Answer_C,Answer_D,Answer_E
1L2RI012,Answer_A,Answer_B,Answer_C,Answer_D,Answer_E,Answer_A,Answer_B,Answer_C,Answer_D,Answer_E,Answer_A,Answer_B,Answer_C,Answer_D,Answer_E,Answer_A,Answer_B,Answer_C,Answer_D,Answer_E
KT8RZ821,Answer_A,Answer_B,Answer_C,Answer_D,Answer_E,Answer_A,Answer_B,Answer_C,Answer_D,Answer_E,Answer_A,Answer_B,Answer_C,Answer_D,Answer_E,Answer_A,Answer_B,Answer_C,Answer_D,Answer_E
O0I9JCAE,Answer_A,Answer_B,Answer_C,Answer_D,Answer_E,Answer_A,Answer_B,Answer_C,Answer_D,Answer_E,Answer_A,Answer_B,Answer_C,Answer_D,Answer_E,Answer_A,Answer_B,Answer_C,Answer_D,Answer_E
7G751M95,Answer_A,Answer_B,Answer_C,Answer_D,Answer_E,Answer_A,Answer_B,Answer_C,Answer_D,Answer_E,Answer_A,Answer_B,Answer_C,Answer_D,Answer_E,Answer_A,Answer_B,Answer_C,Answer_D,Answer_E
S6YILEWR,Answer_A,Answer_B,Answer_C,Answer_D,Answer_E,Answer_A,Answer_B,Answer_C,Answer_D,Answer_E,Answer_A,Answer_B,Answer_C,Answer_D,Answer_E,Answer_A,Answer_B,Answer_C,Answer_D,Answer_E
UCA7BU6R,Answer_A,Answer_B,Answer_C,Answer_D,Answer_E,Answer_A,Answer_B,Answer_C,Answer_D,Answer_E,Answer_A,Answer_B,Answer_C,Answer_D,Answer_E,Answer_A,Answer_B,Answer_C,Answer_D,Answer_E
GB56JXSY,Answer_A,Answer_B,Answer_C,Answer_D,Answer_E,Answer_A,Answer_B,Answer_C,Answer_D,Answer_E,Answer_A,Answer_B,Answer_C,Answer_D,Answer_E,Answer_A,Answer_B,Answer_C,Answer_D,Answer_E
6MM944H8,Answer_A,Answer_B,Answer_C,Answer_D,Answer_E,Answer_A,Answer_B,Answer_C,Answer_D,Answer_E,Answer_A,Answer_B,Answer_C,Answer_D,Answer_E,Answer_A,Answer_B,Answer_C,Answer_D,Answer_E
44ACY0KP,Answer_A,Answer_B,Answer_C,Answer_D,Answer_E,Answer_A,Answer_B,Answer_C,Answer_D,Answer_E,Answer_A,Answer_B,Answer_C,Answer_D,Answer_E,Answer_A,Answer_B,Answer_C,Answer_D,Answer_E
V272LZ71,Answer_A,Answer_B,Answer_C,Answer_D,Answer_E,Answer_A,Answer_B,Answer_C,Answer_D,Answer_E,Answer_A,Answer_B,Answer_C,Answer_D,Answer_E,Answer_A,Answer_B,Answer_C,Answer_D,Answer_E
PMO3DX1C,Answer_A,Answer_B,Answer_C,Answer_D,Answer_E,Answer_A,Answer_B,Answer_C,Answer_D,Answer_E,Answer_A,Answer_B,Answer_C,Answer_D,Answer_E,Answer_A,Answer_B,Answer_C,Answer_D,Answer_E
CW5ZBPUI,Answer_A,Answer_B,Answer_C,Answer_D,Answer_E,Answer_A,Answer_B,Answer_C,Answer_D,Answer_E,Answer_A,Answer_B,Answer_C,Answer_D,Answer_E,Answer_A,Answer_B,Answer_C,Answer_D,Answer_E
C0RO19MD,Answer_A,Answer_B,Answer_C,Answer_D,Answer_E,Answer_A,Answer_B,Answer_C,Answer_D,Answer_E,Answer_A,Answer_B,Answer_C,Answer_D,Answer_E,Answer_A,Answer_B,Answer_C,Answer_D,Answer_E
GV7ISIEY,Answer_A,Answer_B,Answer_C,Answer_D,Answer_E,Answer_A,Answer_B,Answer_C,Answer_D,Answer_E,Answer_A,Answer_B,Answer_C,Answer_D,Answer_E,Answer_A,Answer_B,Answer_C,Answer_D,Answer_E
